Namn;@formbild;@bildsida;Antal rutor;fill_color;line_color
Markepansion;;C:\Users\niklas.sviden\OneDrive - Åke Sundvalls Byggnads AB\SPELET 2\Bilder\Skapade bilder\Generell Projekt.png;2;#1A4D24;#2D7A3A
Markepansion;;C:\Users\niklas.sviden\OneDrive - Åke Sundvalls Byggnads AB\SPELET 2\Bilder\Skapade bilder\Generell Projekt.png;3;#1A4D24;#2D7A3A
Markepansion;;C:\Users\niklas.sviden\OneDrive - Åke Sundvalls Byggnads AB\SPELET 2\Bilder\Skapade bilder\Generell Projekt.png;3;#1A4D24;#2D7A3A
Markepansion;;C:\Users\niklas.sviden\OneDrive - Åke Sundvalls Byggnads AB\SPELET 2\Bilder\Skapade bilder\Generell Projekt.png;4;#1A4D24;#2D7A3A
Markepansion;;C:\Users\niklas.sviden\OneDrive - Åke Sundvalls Byggnads AB\SPELET 2\Bilder\Skapade bilder\Generell Projekt.png;4;#1A4D24;#2D7A3A
Markepansion;;C:\Users\niklas.sviden\OneDrive - Åke Sundvalls Byggnads AB\SPELET 2\Bilder\Skapade bilder\Generell Projekt.png;5;#1A4D24;#2D7A3A
Markepansion;;C:\Users\niklas.sviden\OneDrive - Åke Sundvalls Byggnads AB\SPELET 2\Bilder\Skapade bilder\Generell Projekt.png;2;#1A4D24;#2D7A3A
Markepansion;;C:\Users\niklas.sviden\OneDrive - Åke Sundvalls Byggnads AB\SPELET 2\Bilder\Skapade bilder\Generell Projekt.png;3;#1A4D24;#2D7A3A
Markepansion;;C:\Users\niklas.sviden\OneDrive - Åke Sundvalls Byggnads AB\SPELET 2\Bilder\Skapade bilder\Generell Projekt.png;3;#1A4D24;#2D7A3A
Markepansion;;C:\Users\niklas.sviden\OneDrive - Åke Sundvalls Byggnads AB\SPELET 2\Bilder\Skapade bilder\Generell Projekt.png;4;#1A4D24;#2D7A3A
Markepansion;;C:\Users\niklas.sviden\OneDrive - Åke Sundvalls Byggnads AB\SPELET 2\Bilder\Skapade bilder\Generell Projekt.png;4;#1A4D24;#2D7A3A
Markepansion;;C:\Users\niklas.sviden\OneDrive - Åke Sundvalls Byggnads AB\SPELET 2\Bilder\Skapade bilder\Generell Projekt.png;4;#1A4D24;#2D7A3A
Markepansion;;C:\Users\niklas.sviden\OneDrive - Åke Sundvalls Byggnads AB\SPELET 2\Bilder\Skapade bilder\Generell Projekt.png;3;#1A4D24;#2D7A3A
Markepansion;;C:\Users\niklas.sviden\OneDrive - Åke Sundvalls Byggnads AB\SPELET 2\Bilder\Skapade bilder\Generell Projekt.png;3;#1A4D24;#2D7A3A
Markepansion;;C:\Users\niklas.sviden\OneDrive - Åke Sundvalls Byggnads AB\SPELET 2\Bilder\Skapade bilder\Generell Projekt.png;4;#1A4D24;#2D7A3A
Markepansion;;C:\Users\niklas.sviden\OneDrive - Åke Sundvalls Byggnads AB\SPELET 2\Bilder\Skapade bilder\Generell Projekt.png;5;#1A4D24;#2D7A3A
